<?xml version="1.0" encoding="UTF-8"?>
<beans xmlns="http://www.springframework.org/schema/beans"
	xmlns:xsi="http://www.w3.org/2001/XMLSchema-instance"
	xmlns:context="http://www.springframework.org/schema/context"
	xmlns:util="http://www.springframework.org/schema/util"
	xsi:schemaLocation="http://www.springframework.org/schema/beans http://www.springframework.org/schema/beans/spring-beans.xsd
		http://www.springframework.org/schema/context http://www.springframework.org/schema/context/spring-context-4.3.xsd
		http://www.springframework.org/schema/util http://www.springframework.org/schema/util/spring-util-4.3.xsd">

<context:annotation-config/>
<context:component-scan base-package="com.capgemini"/>
<util:map id="map" key-type="java.lang.String" value-type="com.capgemini.bean.Customer">

<entry key="8829025327">
			<bean class="com.capgemini.bean.Customer">
				<property name="customerName" value="love" />
				<property name="mobileNumber" value="8829025327" />
				<property name="wallet">
					<bean class="com.capgemini.bean.Wallet">
						<property name="balance" value="1500" />
					</bean>
				</property>
			</bean>
		</entry>
	

	
		<entry key="8829025325">
			<bean class="com.capgemini.bean.Customer">
				<property name="customerName" value="khatod" />
				<property name="mobileNumber" value="8829025325" />
				<property name="wallet">
					<bean class="com.capgemini.bean.Wallet">
						<property name="balance" value="1900" />
					</bean>
				</property>
			</bean>
		</entry>
	



	
		<entry key="9828139238">
			<bean class="com.capgemini.bean.Customer">
				<property name="customerName" value="priya" />
				<property name="mobileNumber" value="9828139238" />
				<property name="wallet">
					<bean class="com.capgemini.bean.Wallet">
						<property name="balance" value="1700" />
					</bean>
				</property>
			</bean>
		</entry>
	



	
		<entry key="8888554466">
			<bean class="com.capgemini.bean.Customer">
				<property name="customerName" value="govind" />
				<property name="mobileNumber" value="8888554466" />
				<property name="wallet">
					<bean class="com.capgemini.bean.Wallet">
						<property name="balance" value="15088" />
					</bean>
				</property>
			</bean>
		</entry>
	


	
		<entry key="1234567890">
			<bean class="com.capgemini.bean.Customer">
				<property name="customerName" value="sharma" />
				<property name="mobileNumber" value="1234567890" />
				<property name="wallet">
					<bean class="com.capgemini.bean.Wallet">
						<property name="balance" value="15888" />
					</bean>
				</property>
			</bean>
		</entry>

</util:map>



</beans>
